regex-redux ; 98.625854492187500000, 95.401733398437500000, 0.000000000000000000, 6.445983886718750000,  10557 
regex-redux ; 101.662963867187500000, 98.378540039062500000, 0.000000000000000000, 6.579772949218750000,  10765.9 
regex-redux ; 100.232299804687500000, 96.989990234375000000, 0.000000000000000000, 6.476562500000000000,  10603.9 
regex-redux ; 99.629577636718750000, 96.414428710937500000, 0.000000000000000000, 6.422973632812500000,  10528.3 
regex-redux ; 102.132385253906250000, 98.849792480468750000, 0.000000000000000000, 6.548767089843750000,  10726.1 
regex-redux ; 100.417480468750000000, 97.189880371093750000, 0.000000000000000000, 6.437316894531250000,  10544.9 
regex-redux ; 99.702697753906250000, 96.472534179687500000, 0.000000000000000000, 6.445373535156250000,  10549 
regex-redux ; 102.077636718750000000, 98.784973144531250000, 0.000000000000000000, 6.567932128906250000,  10772.5 
regex-redux ; 100.332885742187500000, 97.114746093750000000, 0.000000000000000000, 6.416198730468750000,  10506.3 
regex-redux ; 100.934082031250000000, 97.658142089843750000, 0.000000000000000000, 6.539184570312500000,  10722.5 
binary-trees ; 27.415832519531250000, 26.901733398437500000, 0.000000000000000000, 1.310058593750000000,  1150.59 
binary-trees ; 27.621032714843750000, 27.108764648437500000, 0.000000000000000000, 1.319702148437500000,  1148.17 
binary-trees ; 27.509643554687500000, 27.002258300781250000, 0.000000000000000000, 1.295349121093750000,  1151.98 
binary-trees ; 27.797973632812500000, 27.280151367187500000, 0.000000000000000000, 1.312988281250000000,  1163.77 
binary-trees ; 27.702087402343750000, 27.190673828125000000, 0.000000000000000000, 1.321044921875000000,  1149.5 
binary-trees ; 27.633117675781250000, 27.122497558593750000, 0.000000000000000000, 1.314208984375000000,  1149.38 
binary-trees ; 27.576965332031250000, 27.077087402343750000, 0.000000000000000000, 1.285644531250000000,  1149.42 
binary-trees ; 27.592529296875000000, 27.078918457031250000, 0.000000000000000000, 1.317260742187500000,  1149.16 
binary-trees ; 27.712402343750000000, 27.193054199218750000, 0.000000000000000000, 1.326782226562500000,  1163.22 
binary-trees ; 27.581665039062500000, 27.060913085937500000, 0.000000000000000000, 1.318664550781250000,  1149.17 
k-nucleotide ; 46.699279785156250000, 45.665954589843750000, 0.000000000000000000, 2.749084472656250000,  1976.91 
k-nucleotide ; 46.312438964843750000, 45.337524414062500000, 0.000000000000000000, 2.606323242187500000,  1939.2 
k-nucleotide ; 45.492065429687500000, 44.719055175781250000, 0.000000000000000000, 2.101745605468750000,  1904.46 
k-nucleotide ; 46.273132324218750000, 45.320800781250000000, 0.000000000000000000, 2.527282714843750000,  1915.65 
k-nucleotide ; 45.950378417968750000, 45.079101562500000000, 0.000000000000000000, 2.355224609375000000,  1923.18 
k-nucleotide ; 45.700195312500000000, 44.884704589843750000, 0.000000000000000000, 2.219726562500000000,  1908.01 
k-nucleotide ; 45.792724609375000000, 44.898010253906250000, 0.000000000000000000, 2.382568359375000000,  1913.46 
k-nucleotide ; 46.228576660156250000, 45.309265136718750000, 0.000000000000000000, 2.471130371093750000,  1934.68 
k-nucleotide ; 47.332763671875000000, 46.251464843750000000, 0.000000000000000000, 2.864257812500000000,  1995.12 
k-nucleotide ; 46.010131835937500000, 45.168701171875000000, 0.000000000000000000, 2.289550781250000000,  1936.93 
mandelbrot ; 16.360107421875000000, 16.213073730468750000, 0.000000000000000000, 0.285156250000000000,  473.212 
mandelbrot ; 16.387207031250000000, 16.247253417968750000, 0.000000000000000000, 0.290405273437500000,  476.585 
mandelbrot ; 16.145751953125000000, 15.985595703125000000, 0.000000000000000000, 0.289733886718750000,  480.314 
mandelbrot ; 16.325988769531250000, 16.187377929687500000, 0.000000000000000000, 0.287963867187500000,  474.647 
mandelbrot ; 16.403503417968750000, 16.262512207031250000, 0.000000000000000000, 0.288391113281250000,  476.11 
mandelbrot ; 16.399963378906250000, 16.268676757812500000, 0.000000000000000000, 0.287170410156250000,  476.02 
mandelbrot ; 16.436889648437500000, 16.287719726562500000, 0.000000000000000000, 0.288635253906250000,  476.071 
mandelbrot ; 16.317810058593750000, 16.177673339843750000, 0.000000000000000000, 0.283874511718750000,  472.642 
mandelbrot ; 16.348266601562500000, 16.194763183593750000, 0.000000000000000000, 0.289184570312500000,  472.668 
mandelbrot ; 16.351562500000000000, 16.200988769531250000, 0.000000000000000000, 0.285156250000000000,  472.767 
reverse-complement ; 3.661376953125000000, 3.486450195312500000, 0.000000000000000000, 0.428283691406250000,  315.282 
reverse-complement ; 3.660400390625000000, 3.486389160156250000, 0.000000000000000000, 0.427673339843750000,  317.129 
reverse-complement ; 3.666442871093750000, 3.493225097656250000, 0.000000000000000000, 0.427124023437500000,  315.146 
reverse-complement ; 3.677917480468750000, 3.505737304687500000, 0.000000000000000000, 0.428527832031250000,  315.453 
reverse-complement ; 3.662292480468750000, 3.489379882812500000, 0.000000000000000000, 0.426574707031250000,  316.049 
reverse-complement ; 3.671936035156250000, 3.494018554687500000, 0.000000000000000000, 0.424865722656250000,  313.462 
reverse-complement ; 3.694335937500000000, 3.519409179687500000, 0.000000000000000000, 0.430114746093750000,  315.967 
reverse-complement ; 3.682495117187500000, 3.510925292968750000, 0.000000000000000000, 0.424011230468750000,  314.045 
reverse-complement ; 3.763427734375000000, 3.585998535156250000, 0.000000000000000000, 0.431396484375000000,  324.932 
reverse-complement ; 4.244079589843750000, 4.059326171875000000, 0.000000000000000000, 0.451477050781250000,  358.192 
fannkuch-redux ; 165.474243164062500000, 163.990539550781250000, 0.000000000000000000, 2.794738769531250000,  4882.94 
fannkuch-redux ; 166.610412597656250000, 165.135131835937500000, 0.000000000000000000, 2.794067382812500000,  4913.73 
fannkuch-redux ; 164.557312011718750000, 163.092041015625000000, 0.000000000000000000, 2.755920410156250000,  4854.34 
fannkuch-redux ; 165.851318359375000000, 164.363464355468750000, 0.000000000000000000, 2.780212402343750000,  4901.46 
fannkuch-redux ; 165.753906250000000000, 164.279113769531250000, 0.000000000000000000, 2.774963378906250000,  4884.18 
fannkuch-redux ; 168.571166992187500000, 167.053283691406250000, 0.000000000000000000, 2.856872558593750000,  4976.01 
fannkuch-redux ; 165.470703125000000000, 163.982849121093750000, 0.000000000000000000, 2.771240234375000000,  4871.68 
fannkuch-redux ; 166.149780273437500000, 164.684631347656250000, 0.000000000000000000, 2.765014648437500000,  4875.5 
fannkuch-redux ; 166.519165039062500000, 165.046752929687500000, 0.000000000000000000, 2.774353027343750000,  4880.8 
fannkuch-redux ; 166.144409179687500000, 164.664245605468750000, 0.000000000000000000, 2.771789550781250000,  4878 
spectral-norm ; 5.716003417968750000, 5.641357421875000000, 0.000000000000000000, 0.125061035156250000,  218.254 
spectral-norm ; 5.719299316406250000, 5.669494628906250000, 0.000000000000000000, 0.124145507812500000,  218.92 
spectral-norm ; 5.611267089843750000, 5.546997070312500000, 0.000000000000000000, 0.122680664062500000,  215.983 
spectral-norm ; 5.684570312500000000, 5.604858398437500000, 0.000000000000000000, 0.126770019531250000,  218.595 
spectral-norm ; 5.690429687500000000, 5.620910644531250000, 0.000000000000000000, 0.124328613281250000,  217.896 
spectral-norm ; 5.733581542968750000, 5.682983398437500000, 0.000000000000000000, 0.123657226562500000,  218.574 
spectral-norm ; 5.670715332031250000, 5.608703613281250000, 0.000000000000000000, 0.123352050781250000,  217.513 
spectral-norm ; 5.950805664062500000, 5.885009765625000000, 0.000000000000000000, 0.138366699218750000,  230.315 
spectral-norm ; 5.650573730468750000, 5.574645996093750000, 0.000000000000000000, 0.123474121093750000,  216.291 
spectral-norm ; 5.675292968750000000, 5.610534667968750000, 0.000000000000000000, 0.123046875000000000,  217.222 
fasta ; 19.513854980468750000, 19.167907714843750000, 0.000000000000000000, 0.690063476562500000,  1048.2 
fasta ; 19.546081542968750000, 19.190307617187500000, 0.000000000000000000, 0.693542480468750000,  1054.49 
fasta ; 19.767211914062500000, 19.424865722656250000, 0.000000000000000000, 0.704040527343750000,  1060.73 
fasta ; 19.693603515625000000, 19.334411621093750000, 0.000000000000000000, 0.695373535156250000,  1054.57 
fasta ; 19.497436523437500000, 19.153808593750000000, 0.000000000000000000, 0.685546875000000000,  1046.35 
fasta ; 19.747314453125000000, 19.396301269531250000, 0.000000000000000000, 0.696166992187500000,  1064.04 
fasta ; 19.618103027343750000, 19.265075683593750000, 0.000000000000000000, 0.684204101562500000,  1044.61 
fasta ; 19.737854003906250000, 19.385498046875000000, 0.000000000000000000, 0.693481445312500000,  1058.92 
fasta ; 19.633666992187500000, 19.282592773437500000, 0.000000000000000000, 0.685363769531250000,  1045.75 
fasta ; 19.583618164062500000, 19.240112304687500000, 0.000000000000000000, 0.684753417968750000,  1044.37 
pidigits ; 5.939331054687500000, 5.679321289062500000, 0.000000000000000000, 0.487060546875000000,  854.125 
pidigits ; 5.909729003906250000, 5.648864746093750000, 0.000000000000000000, 0.484558105468750000,  854.696 
pidigits ; 5.931152343750000000, 5.671630859375000000, 0.000000000000000000, 0.490966796875000000,  852.96 
pidigits ; 5.930664062500000000, 5.670959472656250000, 0.000000000000000000, 0.485229492187500000,  853.491 
pidigits ; 5.865600585937500000, 5.611511230468750000, 0.000000000000000000, 0.484069824218750000,  851.811 
pidigits ; 6.082336425781250000, 5.820983886718750000, 0.000000000000000000, 0.501708984375000000,  854.063 
pidigits ; 5.943481445312500000, 5.684509277343750000, 0.000000000000000000, 0.488098144531250000,  856.015 
pidigits ; 5.926574707031250000, 5.667114257812500000, 0.000000000000000000, 0.485351562500000000,  858.922 
pidigits ; 5.902770996093750000, 5.641174316406250000, 0.000000000000000000, 0.485229492187500000,  852.551 
pidigits ; 5.935852050781250000, 5.681518554687500000, 0.000000000000000000, 0.485656738281250000,  854.62 
n-body ; 18.942077636718750000, 18.106201171875000000, 0.000000000000000000, 1.562377929687500000,  2753.31 
n-body ; 18.988037109375000000, 18.160827636718750000, 0.000000000000000000, 1.567687988281250000,  2752.93 
n-body ; 19.002441406250000000, 18.167785644531250000, 0.000000000000000000, 1.562805175781250000,  2752.86 
n-body ; 18.974426269531250000, 18.139099121093750000, 0.000000000000000000, 1.561767578125000000,  2752.81 
n-body ; 19.059082031250000000, 18.224426269531250000, 0.000000000000000000, 1.564270019531250000,  2752.68 
n-body ; 18.933105468750000000, 18.108459472656250000, 0.000000000000000000, 1.560607910156250000,  2752.63 
n-body ; 18.879394531250000000, 18.053344726562500000, 0.000000000000000000, 1.561950683593750000,  2752.58 
n-body ; 18.849853515625000000, 18.026245117187500000, 0.000000000000000000, 1.560424804687500000,  2753.02 
n-body ; 18.931335449218750000, 18.103942871093750000, 0.000000000000000000, 1.564514160156250000,  2752.87 
n-body ; 18.979003906250000000, 18.149841308593750000, 0.000000000000000000, 1.561523437500000000,  2753.35 
